Year,Engine Size,Mileage,Price,Make_BMW,Make_Ford,Make_Honda,Make_Toyota,Model_Model B,Model_Model C,Model_Model D,Model_Model E,Fuel Type_Electric,Fuel Type_Petrol,Transmission_Manual
2015,3,74176,30246,0,0,1,0,1,0,0,0,0,1,1
2014,1,94799,22785,0,1,0,0,0,1,0,0,1,0,0
2006,4,98385,25760,1,0,0,0,1,0,0,0,1,0,1
2015,2,88919,25638,0,0,1,0,1,0,0,0,1,0,0
2004,3,138482,21021,0,0,1,0,0,1,0,0,0,1,0
2015,2,81462,25509,0,1,0,0,0,1,0,0,1,0,1
2000,1,179340,12268,0,0,0,0,1,0,0,0,0,0,1
2018,2,165320,27783,0,0,0,0,0,1,0,0,1,0,0
2004,4,31159,27392,0,0,1,0,0,0,0,0,1,0,0
2006,4,42039,28434,0,1,0,0,0,1,0,0,1,0,0
2018,2,47800,29404,0,0,0,0,0,1,0,0,1,0,0
2021,4,40761,36811,0,1,0,0,1,0,0,0,0,0,1
2004,4,94626,25205,0,1,0,0,0,0,0,0,0,1,0
2016,3,118368,27796,0,0,1,0,0,0,1,0,0,0,1
2021,1,174735,23521,0,0,1,0,0,0,1,0,0,0,1
2007,4,80903,26493,0,0,0,1,0,0,0,1,0,1,1
2000,3,171484,16626,0,0,0,0,0,1,0,0,1,0,0
2001,4,118998,21122,0,0,0,0,0,1,0,0,0,1,0
2014,3,166439,21853,0,0,0,0,0,0,0,0,0,1,1
2019,3,136885,34716,1,0,0,0,0,0,1,0,0,0,1
2017,3,59894,32761,0,1,0,0,0,0,0,1,0,1,1
2010,2,51444,23469,0,0,1,0,0,0,0,0,1,0,1
2009,2,165341,20093,0,0,0,0,0,1,0,0,0,0,0
2003,2,61748,18920,0,0,0,1,0,0,1,0,1,0,1
2004,1,41190,20152,0,0,0,0,0,0,0,1,0,0,0
2003,3,40318,21520,0,1,0,0,1,0,0,0,1,0,0
2012,3,168090,23293,0,1,0,0,0,0,1,0,0,1,0
2012,4,124078,23633,0,0,1,0,0,0,0,1,0,1,0
2017,1,39759,29288,1,0,0,0,0,0,0,0,0,1,1
2001,2,16498,25839,0,0,1,0,1,0,0,0,1,0,0
2015,1,25989,25546,0,0,0,0,0,0,0,1,0,0,1
2000,1,156640,14089,0,0,0,1,0,0,0,1,0,0,0
2018,1,117035,22788,0,0,1,0,0,1,0,0,0,0,1
2008,3,66577,27694,1,0,0,0,0,0,1,0,0,1,1
2002,1,105231,15961,0,0,1,0,0,1,0,0,1,0,1
2006,3,161171,22519,0,1,0,0,1,0,0,0,0,0,1
2009,1,89900,19181,0,0,0,0,0,0,0,1,1,0,1
2000,4,171711,16604,0,0,0,0,0,1,0,0,0,0,0
2009,3,104679,23648,0,0,0,0,0,0,1,0,0,1,1
2020,4,23482,37032,0,0,0,0,1,0,0,0,1,0,0
2008,4,69212,28849,0,0,0,0,0,0,0,0,0,0,1
2014,4,186333,25844,0,0,0,0,0,1,0,0,0,0,0
2014,4,30048,31479,0,0,0,1,1,0,0,0,0,0,0
2002,3,134137,14502,1,0,0,0,0,0,0,0,0,0,0
2004,1,133108,17622,0,0,0,0,0,1,0,0,0,1,1
2008,2,35814,26785,1,0,0,0,1,0,0,0,0,0,0
2021,1,190766,28722,0,0,0,0,1,0,0,0,0,0,1
2008,3,147996,20951,0,0,1,0,0,1,0,0,0,1,1
2006,2,129493,19794,0,0,0,0,1,0,0,0,0,0,0
2011,4,60204,30130,0,1,0,0,0,0,0,1,1,0,0
2008,4,32844,29445,0,0,0,1,0,1,0,0,1,0,1
2005,2,81943,24753,0,0,1,0,1,0,0,0,0,0,1
2001,2,21518,22407,0,0,1,0,0,0,0,0,0,1,1
2008,4,148131,23895,0,1,0,0,0,0,0,0,0,1,1
2016,2,23052,31599,0,0,0,0,0,0,0,1,0,1,1
2000,3,69803,23726,0,0,0,1,0,1,0,0,0,0,1
2018,1,71524,30346,0,0,1,0,1,0,0,0,0,0,0
2005,3,89572,22948,0,0,0,1,1,0,0,0,1,0,1
2004,1,139752,20338,0,0,1,0,0,0,0,0,0,1,1
2001,4,67021,21021,0,0,0,0,0,0,0,1,0,0,0
2008,3,20043,24750,0,0,1,0,0,0,0,0,0,0,0
2013,1,2419,31337,0,0,1,0,0,0,0,0,0,0,0
2003,1,187964,14716,1,0,0,0,0,0,0,1,0,1,1
2003,2,121831,21650,0,0,0,0,0,1,0,0,0,1,0
2020,4,101799,32908,0,1,0,0,1,0,0,0,1,0,0
2014,3,148212,25975,0,1,0,0,0,1,0,0,0,1,1
2007,2,174556,16516,0,0,0,0,0,0,1,0,0,0,1
2003,2,194941,15099,0,1,0,0,0,0,1,0,1,0,1
2015,2,176282,26209,0,0,0,0,0,0,1,0,0,1,1
2020,3,57600,33433,0,1,0,0,0,0,0,1,0,1,0
2003,3,116467,23440,1,0,0,0,0,0,0,0,0,1,1
2015,2,78497,28083,0,1,0,0,0,1,0,0,0,1,0
2021,3,108611,29044,0,0,1,0,1,0,0,0,0,0,1
2011,3,137559,25936,0,0,0,0,0,0,1,0,0,1,0
2015,4,60692,31637,0,0,0,1,0,1,0,0,0,0,1
2018,4,62112,32975,0,0,0,1,0,0,1,0,0,0,1
2007,3,162182,26186,0,0,0,0,0,0,1,0,0,0,1
2005,3,16360,28876,1,0,0,0,1,0,0,0,1,0,0
2009,2,180482,17198,0,1,0,0,0,0,0,1,0,0,0
2004,4,83038,24977,1,0,0,0,0,0,0,0,0,1,0
2017,2,3017,32422,0,0,0,1,0,0,0,1,1,0,1
2009,2,86261,26559,0,0,0,0,0,1,0,0,0,1,0
2009,2,191196,18619,0,0,0,0,0,0,0,1,0,0,1
2006,3,182021,25114,1,0,0,0,0,1,0,0,0,1,1
2017,1,189340,18439,1,0,0,0,0,1,0,0,1,0,1
2000,2,66320,20819,0,1,0,0,0,0,0,0,1,0,0
2006,2,31127,24317,0,0,1,0,1,0,0,0,0,1,1
2020,1,134268,23496,0,0,1,0,0,0,0,0,0,1,0
2000,1,75088,17699,0,1,0,0,0,0,0,1,0,1,1
2014,3,172372,23758,0,0,1,0,0,1,0,0,1,0,1
2003,3,180786,22721,0,0,0,1,0,0,1,0,0,0,1
2019,2,31921,33749,0,0,1,0,0,0,1,0,0,1,0
2009,4,4746,32267,0,1,0,0,0,1,0,0,0,0,0
2008,3,68535,26024,0,0,1,0,0,0,0,0,1,0,1
2001,2,65350,19866,0,0,0,0,1,0,0,0,0,1,0
2013,3,181417,25112,1,0,0,0,0,0,0,0,0,1,0
2015,4,180292,26885,0,0,0,1,0,1,0,0,1,0,1
2000,2,81131,19853,0,0,0,0,0,1,0,0,0,1,1
2001,1,22063,23079,0,0,0,0,1,0,0,0,0,0,0
2006,4,117116,26526,0,1,0,0,0,0,0,1,1,0,1
2009,3,88913,24946,1,0,0,0,0,0,0,1,1,0,1
2021,1,78946,26778,1,0,0,0,1,0,0,0,0,1,0
2019,3,177043,23005,0,0,0,1,0,0,0,1,1,0,0
2000,2,134670,18367,0,1,0,0,0,0,1,0,0,1,1
2012,4,10564,36806,0,0,0,1,0,0,0,1,0,1,0
2000,2,49725,20092,0,0,1,0,0,0,0,1,1,0,0
2004,1,86134,22692,0,0,0,0,0,0,0,1,0,1,1
2015,3,105940,26651,0,0,0,1,0,0,1,0,0,0,1
2014,2,191012,21301,0,0,0,0,0,0,0,1,0,0,1
2016,1,62085,29325,0,1,0,0,0,0,1,0,0,1,1
2015,3,17862,31096,0,0,1,0,1,0,0,0,0,0,0
2012,3,10265,32783,0,1,0,0,0,0,0,0,0,1,0
2010,1,140777,19619,0,0,1,0,1,0,0,0,0,0,1
2016,3,186351,22734,0,0,1,0,0,0,0,0,1,0,1
2016,2,62471,30066,0,0,0,0,1,0,0,0,0,1,1
2001,2,91080,18822,0,1,0,0,0,0,0,0,0,1,1
2012,2,194051,17320,0,1,0,0,0,0,0,0,0,1,0
2013,2,55828,25323,0,0,0,1,0,1,0,0,0,1,0
2010,3,116884,19722,0,1,0,0,0,0,0,0,0,1,1
2009,2,108007,22203,0,0,0,1,0,0,0,0,0,1,1
2002,3,46104,27502,1,0,0,0,0,1,0,0,1,0,0
2016,1,40934,25459,1,0,0,0,0,0,0,1,1,0,0
2014,4,114420,30050,1,0,0,0,0,0,0,1,0,0,0
2008,3,6050,29958,0,1,0,0,0,1,0,0,0,1,0
2009,3,175024,20245,0,1,0,0,0,0,1,0,0,0,1
2007,2,8484,29148,0,0,0,1,0,0,0,0,0,0,0
2020,2,62648,30122,0,0,1,0,0,0,0,0,1,0,0
2012,1,59945,29623,0,0,0,1,0,1,0,0,0,0,0
2017,4,184750,23591,1,0,0,0,0,1,0,0,1,0,1
2004,2,31323,24295,0,0,0,1,0,0,1,0,0,0,1
2005,3,86332,23282,0,0,1,0,0,0,0,1,0,1,0
2016,3,94605,29388,0,1,0,0,1,0,0,0,0,0,0
2010,2,166433,21711,0,0,0,1,0,0,0,1,1,0,1
2019,3,10315,41780,1,0,0,0,0,0,0,0,1,0,1
2015,3,47968,31811,1,0,0,0,0,1,0,0,1,0,0
2008,3,157591,22168,0,1,0,0,0,0,1,0,0,0,1
2001,2,9107,22252,0,0,0,1,0,0,0,1,0,0,0
2004,2,55781,19030,0,0,1,0,0,0,1,0,1,0,1
2000,1,3869,24747,0,1,0,0,0,0,0,1,0,1,0
2003,3,80983,23157,0,0,0,1,0,0,0,0,0,1,0
2003,3,158442,23986,0,0,0,0,1,0,0,0,0,0,1
2021,2,193767,26748,1,0,0,0,0,0,1,0,0,0,0
2002,4,191494,19708,0,0,1,0,0,0,1,0,1,0,1
2008,1,7971,25789,0,0,1,0,1,0,0,0,0,0,1
2021,4,96805,33467,0,0,1,0,0,0,1,0,0,0,1
2011,4,25651,30828,1,0,0,0,0,0,1,0,1,0,0
2009,4,56974,25348,0,0,0,1,0,0,0,1,1,0,0
2001,3,23446,24826,0,1,0,0,0,0,0,1,0,0,0
2010,2,169180,20104,0,0,0,1,1,0,0,0,0,1,1
2009,1,3823,25613,0,1,0,0,0,0,0,0,0,0,0
2021,3,144526,26901,0,0,1,0,0,0,1,0,0,1,0
2005,2,135004,17453,0,0,0,1,0,0,0,0,0,1,0
2017,1,141292,25706,0,0,1,0,1,0,0,0,0,1,0
2001,3,67965,25198,0,0,0,0,1,0,0,0,1,0,1
2001,2,159280,16078,0,0,1,0,0,0,0,1,1,0,0
2009,4,10510,32548,0,0,1,0,0,0,1,0,1,0,1
2015,3,175117,23280,0,1,0,0,0,1,0,0,0,0,1
2011,4,141609,23828,0,0,0,0,1,0,0,0,1,0,1
2000,3,105935,21725,0,0,1,0,0,0,1,0,1,0,1
2020,4,69134,31734,0,0,1,0,0,0,0,0,0,0,0
2007,3,72254,26704,0,0,0,0,0,0,0,1,0,0,0
2015,3,144854,22932,0,0,0,0,0,0,0,0,0,1,0
2017,2,114780,22461,0,0,0,1,1,0,0,0,0,0,1
2012,4,125544,28394,0,1,0,0,1,0,0,0,0,0,0
2014,3,65587,32574,0,0,0,0,0,0,0,0,1,0,1
2020,2,82238,29026,0,0,0,0,1,0,0,0,0,1,0
2011,1,75720,19873,1,0,0,0,0,0,1,0,0,1,0
2007,3,78004,20583,0,0,0,0,1,0,0,0,0,0,0
2009,1,22072,28480,0,1,0,0,0,0,0,1,1,0,1
2013,4,81015,30072,0,0,1,0,0,0,1,0,1,0,0
2004,4,72746,24946,0,0,1,0,0,1,0,0,1,0,1
2017,1,176774,21333,0,0,1,0,1,0,0,0,1,0,1
2018,3,102260,25860,0,0,1,0,1,0,0,0,0,0,1
2014,1,137129,22983,1,0,0,0,0,0,0,1,1,0,0
2005,3,128259,26287,0,0,0,0,0,0,0,1,0,1,0
2010,2,30916,25288,0,0,1,0,0,0,0,0,0,1,1
2020,3,27268,39203,0,0,0,1,0,0,0,0,0,0,1
2010,2,175050,19614,0,0,1,0,0,0,0,0,1,0,1
2019,1,23259,33670,0,0,0,0,0,0,0,1,1,0,1
2019,2,184655,24681,0,0,1,0,0,0,0,0,1,0,1
2020,1,79400,28442,1,0,0,0,0,0,0,0,1,0,0
2017,3,34293,35473,0,1,0,0,0,1,0,0,0,0,0
2017,1,111581,25686,0,1,0,0,0,0,0,0,1,0,0
2009,2,7043,29497,0,0,0,0,1,0,0,0,0,0,1
2001,4,181502,14742,0,1,0,0,0,0,0,1,1,0,1
2008,3,107009,22435,0,1,0,0,0,0,1,0,1,0,0
2013,4,38893,32672,0,0,0,1,0,1,0,0,0,1,0
2018,4,171714,30749,0,0,0,0,0,0,0,1,0,0,1
2009,1,161940,18459,0,0,0,0,0,0,0,1,0,1,1
2003,1,26309,21001,0,1,0,0,1,0,0,0,0,0,1
2005,2,23284,22457,0,1,0,0,0,0,0,0,1,0,0
2013,4,126801,25792,0,1,0,0,1,0,0,0,1,0,1
2003,4,113259,23899,1,0,0,0,0,0,0,0,0,0,1
2014,1,100804,21646,0,0,1,0,0,0,0,0,0,1,1
2015,2,69000,25521,1,0,0,0,0,0,0,1,0,0,0
2006,1,84179,21088,0,0,0,0,0,0,0,0,0,0,1
2016,3,193179,27437,0,0,0,1,0,1,0,0,1,0,0
2018,3,65049,32516,0,0,1,0,0,1,0,0,0,1,1
2018,1,29265,29908,0,0,0,1,0,1,0,0,0,0,1
2016,2,23880,31582,0,0,0,0,0,0,0,1,0,1,0
2005,3,84579,25173,0,0,0,0,1,0,0,0,0,1,1
2010,3,131327,24613,0,0,0,1,0,0,1,0,0,0,0
2015,1,132574,21249,0,0,0,1,0,0,0,0,0,1,1
2007,4,65424,28905,0,0,0,1,0,0,1,0,1,0,0
2010,3,70966,26000,0,0,0,0,1,0,0,0,1,0,1
2006,3,172438,18600,0,1,0,0,1,0,0,0,1,0,0
2021,3,158497,32061,0,0,0,1,0,0,0,1,1,0,0
2018,1,183400,18490,0,0,1,0,0,1,0,0,0,1,1
2009,1,67396,25966,0,0,0,0,0,1,0,0,1,0,0
2008,3,71694,27428,1,0,0,0,1,0,0,0,0,0,1
2003,1,136878,14717,1,0,0,0,0,0,0,1,1,0,0
2014,4,17106,33193,0,0,1,0,0,0,0,1,0,0,1
2012,3,56731,28305,0,1,0,0,0,0,0,0,0,0,1
2001,3,75010,25164,0,0,0,1,0,1,0,0,1,0,1
2001,2,32599,23445,0,0,0,0,1,0,0,0,1,0,1
2015,2,71326,28056,0,0,0,1,0,0,1,0,0,1,0
2008,3,75706,27307,0,0,0,0,0,1,0,0,0,0,1
2012,1,9004,26520,1,0,0,0,0,0,0,0,1,0,1
2002,3,115018,24772,0,0,0,1,0,0,0,1,0,1,1
2008,3,182436,24125,0,0,1,0,1,0,0,0,1,0,1
2012,2,25792,27756,0,1,0,0,0,1,0,0,1,0,1
2020,3,195984,28222,0,0,1,0,0,0,1,0,1,0,0
2021,1,54645,31414,0,1,0,0,0,0,0,0,0,0,1
2001,2,7232,22818,0,0,0,1,0,0,0,0,1,0,0
2007,4,54766,27885,0,0,0,1,0,1,0,0,0,1,0
2008,4,120601,28398,0,1,0,0,0,0,1,0,1,0,1
2015,2,81588,27991,1,0,0,0,0,0,0,0,1,0,1
2001,4,179614,19639,0,0,0,0,1,0,0,0,0,1,0
2005,2,5913,29606,0,0,1,0,0,0,0,0,0,1,0
2021,2,112406,32946,0,0,1,0,0,0,1,0,0,0,0
2007,1,113693,19562,0,0,1,0,0,0,0,1,0,0,1
2004,4,93449,24485,0,0,0,1,0,0,0,1,0,0,0
2008,1,10567,25819,0,0,1,0,0,1,0,0,0,0,0
2000,3,38379,23274,0,0,0,0,0,0,1,0,0,1,1
2008,2,319,29536,0,0,0,0,0,0,0,0,1,0,0
2009,3,90005,25219,0,1,0,0,0,0,0,0,1,0,1
2003,2,110990,17818,0,0,0,1,0,0,0,1,1,0,0
2002,2,4791,27268,0,0,0,0,0,0,0,1,0,0,1
2009,1,131401,21354,1,0,0,0,1,0,0,0,0,1,0
2014,3,61032,28511,0,0,0,1,0,0,0,1,0,1,1
2010,3,175150,23116,0,0,0,1,1,0,0,0,0,1,1
2013,3,88662,30732,0,0,0,0,0,0,0,0,1,0,0
2005,3,21300,26058,1,0,0,0,1,0,0,0,0,0,1
2011,1,75700,24137,0,1,0,0,1,0,0,0,0,1,0
2012,4,182017,21319,0,0,0,0,0,1,0,0,0,0,1
2016,3,55609,29982,1,0,0,0,0,0,0,1,0,1,1
2015,1,191634,20951,0,0,0,1,1,0,0,0,0,0,1
2002,2,90045,18468,1,0,0,0,0,0,0,0,0,1,1
2001,4,61901,24030,0,0,0,1,0,0,1,0,0,0,1
2010,4,5703,33514,0,0,0,0,1,0,0,0,0,1,1
2008,1,63115,24822,0,0,0,0,0,0,0,1,0,1,1
2002,3,27676,23300,0,0,1,0,0,1,0,0,0,0,0
2017,1,192782,21208,0,0,1,0,0,0,0,0,0,0,0
2019,1,191149,22259,0,0,1,0,0,1,0,0,1,0,1
2014,3,121332,26149,0,0,0,0,0,0,1,0,0,0,1
2013,3,176512,25653,0,1,0,0,1,0,0,0,0,1,1
2001,3,167995,17521,0,0,0,0,1,0,0,0,0,1,0
2016,2,29802,30734,1,0,0,0,0,0,0,1,0,0,1
2021,1,90331,24653,0,0,0,0,1,0,0,0,1,0,0
2007,2,193976,14999,0,0,0,0,0,0,0,0,0,0,1
2009,1,191234,17700,0,0,0,1,0,0,1,0,0,1,1
2017,1,124786,23901,0,0,0,1,0,1,0,0,0,1,1
2018,2,65169,28014,0,0,0,1,0,0,1,0,1,0,1
2007,2,68147,21962,0,0,0,0,1,0,0,0,0,0,1
2007,2,22075,27050,0,1,0,0,0,1,0,0,0,1,0
2002,3,82015,18883,1,0,0,0,0,0,0,1,0,1,1
2002,1,9304,23920,1,0,0,0,0,0,1,0,0,1,0
2011,1,129851,21909,0,1,0,0,0,1,0,0,0,0,0
2021,3,120729,27347,0,1,0,0,0,1,0,0,0,0,1
2016,1,59622,27270,1,0,0,0,0,1,0,0,1,0,1
2003,3,54215,29496,0,0,1,0,0,0,0,0,0,1,1
2016,1,73973,28080,0,0,0,1,0,0,1,0,0,1,0
2013,2,108654,23211,0,0,0,1,0,1,0,0,1,0,0
2018,1,143593,25453,1,0,0,0,0,0,1,0,0,1,0
2008,1,24028,21766,0,1,0,0,0,1,0,0,1,0,1
2020,3,39328,30290,0,0,1,0,0,0,0,1,1,0,0
2011,4,27301,31400,1,0,0,0,0,0,0,1,0,1,0
2004,1,38015,22602,0,0,0,1,0,0,0,1,0,0,0
2010,2,36845,28780,0,0,0,0,1,0,0,0,0,0,1
2019,3,86818,32809,0,1,0,0,0,1,0,0,0,0,0
2002,2,76394,22369,0,0,0,0,1,0,0,0,0,0,0
2020,3,175231,24610,1,0,0,0,0,0,1,0,0,1,1
2014,1,43714,26892,0,0,0,1,1,0,0,0,1,0,1
2013,4,80722,32201,0,0,1,0,0,0,1,0,1,0,1
2010,2,25230,28225,0,0,0,0,0,0,1,0,0,1,0
2019,2,92554,28636,0,0,1,0,0,0,1,0,0,0,0
2007,4,49262,28895,0,0,0,1,1,0,0,0,1,0,0
2003,3,41722,25038,0,0,0,0,0,1,0,0,0,1,1
2011,2,177431,17298,0,0,1,0,1,0,0,0,0,1,0
2007,3,62796,28669,0,0,1,0,0,1,0,0,0,0,1
2005,3,171231,18717,0,0,0,0,0,1,0,0,0,1,1
2014,1,87052,26262,0,0,0,1,0,0,1,0,1,0,0
2011,3,100808,21648,0,0,1,0,1,0,0,0,1,0,0
2015,1,136311,26006,1,0,0,0,0,1,0,0,0,1,0
2015,3,91951,27189,0,0,0,0,0,0,0,1,1,0,1
2020,4,50886,40538,0,1,0,0,0,1,0,0,0,1,1
2019,2,103424,32167,0,1,0,0,0,0,0,1,1,0,0
2019,2,158267,23136,0,0,0,1,1,0,0,0,0,0,1
2003,1,104697,19299,1,0,0,0,1,0,0,0,1,0,0
2010,1,96299,19150,0,0,1,0,1,0,0,0,0,0,0
2012,4,165746,23833,0,1,0,0,0,1,0,0,0,0,0
2008,1,149177,17307,0,0,0,1,0,0,0,0,0,1,1
2003,2,160811,18555,1,0,0,0,0,1,0,0,0,0,1
2011,3,163041,24797,1,0,0,0,0,1,0,0,1,0,0
2008,4,14497,28071,0,0,0,1,0,0,1,0,1,0,0
2012,2,132888,24835,0,0,0,1,0,0,1,0,0,0,1
2015,3,118915,26146,0,0,1,0,0,1,0,0,0,1,0
2005,3,92019,19857,0,0,0,1,0,0,0,1,0,0,1
2009,4,190326,21915,0,0,1,0,0,0,1,0,1,0,0
2012,3,109017,29070,0,0,1,0,0,1,0,0,1,0,1
2006,3,69385,23730,0,0,0,0,0,0,0,0,0,0,0
2018,1,105153,21271,1,0,0,0,0,0,0,1,0,0,1
2018,1,33826,30537,1,0,0,0,1,0,0,0,0,0,0
2016,3,110034,25643,1,0,0,0,0,1,0,0,1,0,1
2012,4,194437,24307,0,0,0,0,0,1,0,0,1,0,1
2012,4,84242,28443,0,0,1,0,0,0,0,1,1,0,1
2020,4,123066,35170,0,0,1,0,0,0,1,0,0,1,1
2001,2,50100,22252,0,0,0,1,0,0,1,0,1,0,0
2009,3,125170,22552,0,0,0,0,0,0,1,0,1,0,1
2021,3,135431,29590,0,0,0,1,1,0,0,0,0,1,1
2012,3,96205,24332,0,0,0,0,0,0,0,1,0,1,0
2008,2,12809,26341,0,0,0,1,0,0,0,1,0,1,1
2000,2,64450,24517,0,1,0,0,0,0,1,0,0,1,0
2013,4,38428,34075,1,0,0,0,0,0,1,0,0,1,1
2015,2,72790,30942,1,0,0,0,0,0,0,0,0,1,1
2019,4,111126,32302,0,0,1,0,0,0,0,0,0,0,1
2014,1,90321,25370,0,1,0,0,0,1,0,0,0,0,1
2000,3,2093,24098,1,0,0,0,0,1,0,0,0,0,1
2016,3,44498,31714,0,0,1,0,0,0,0,1,0,0,1
2012,3,116251,26126,0,1,0,0,0,0,0,1,1,0,0
2014,2,40985,30508,1,0,0,0,1,0,0,0,0,1,0
2015,4,32009,31255,0,0,0,1,1,0,0,0,1,0,1
2015,3,128515,26579,0,0,0,0,0,0,0,0,0,1,1
2001,2,17718,19467,0,1,0,0,0,1,0,0,0,1,0
2016,3,16705,33239,0,0,1,0,0,0,0,0,1,0,0
2010,2,87618,24970,0,1,0,0,0,0,0,0,0,0,1
2007,2,62598,20127,0,0,1,0,0,1,0,0,1,0,1
2019,2,77878,26726,0,1,0,0,1,0,0,0,1,0,1
2002,4,12239,24796,0,0,1,0,0,1,0,0,0,1,1
2011,2,46622,27413,1,0,0,0,0,0,1,0,0,1,1
2019,3,46665,30171,0,0,0,1,0,0,1,0,0,1,1
2015,2,32274,32443,1,0,0,0,0,0,1,0,0,0,0
2013,1,142491,23047,0,0,0,1,0,0,0,1,1,0,1
2015,4,108368,30879,1,0,0,0,1,0,0,0,1,0,1
2020,3,146075,24718,1,0,0,0,1,0,0,0,0,0,0
2016,4,161938,30089,0,1,0,0,0,0,0,1,1,0,0
2010,1,153060,21046,0,0,0,0,0,0,0,0,1,0,0
2016,1,186966,19287,0,0,1,0,0,0,1,0,0,1,0
2018,4,108563,27488,0,0,1,0,0,0,1,0,0,0,1
2021,3,136746,29310,0,0,1,0,0,0,0,0,0,1,0
2000,1,93103,16811,0,0,0,1,0,1,0,0,0,0,0
2011,1,66446,24127,0,0,1,0,0,1,0,0,0,1,1
2014,3,29072,30735,0,0,1,0,1,0,0,0,1,0,0
2017,2,33717,32457,0,1,0,0,0,0,0,1,0,0,0
2013,3,157723,19012,1,0,0,0,1,0,0,0,0,0,1
2000,2,117202,20199,0,0,1,0,0,1,0,0,0,1,1
2012,2,175363,22828,0,0,0,0,0,0,0,0,0,0,1
2014,4,122389,29301,0,0,1,0,1,0,0,0,1,0,1
2006,1,109525,20035,0,0,0,1,0,0,1,0,1,0,1
2014,2,194422,24045,0,0,0,1,0,0,1,0,1,0,1
2019,4,4646,36183,0,0,0,1,0,0,0,0,0,1,1
2009,1,39713,24557,0,0,1,0,0,1,0,0,0,0,0
2013,2,67936,29380,0,1,0,0,0,0,1,0,0,1,0
2005,3,175403,23316,0,0,0,0,0,0,1,0,1,0,1
2013,2,22185,27848,0,0,1,0,0,0,0,1,0,0,0
2021,2,84263,31336,0,1,0,0,1,0,0,0,1,0,1
2011,2,52107,24321,0,1,0,0,0,1,0,0,0,0,0
2010,3,197626,21321,0,0,1,0,1,0,0,0,0,0,1
2019,3,17563,32465,0,0,1,0,0,1,0,0,0,1,0
2021,3,70729,34986,0,1,0,0,0,0,1,0,0,0,1
2018,1,15701,29414,0,1,0,0,0,0,0,1,1,0,0
2001,3,179289,17028,0,1,0,0,1,0,0,0,0,0,1
2021,4,175682,32578,0,0,1,0,0,0,1,0,1,0,0
2019,2,181203,23773,0,1,0,0,0,1,0,0,0,1,0
2000,3,128331,20953,0,0,0,1,1,0,0,0,1,0,1
2007,2,160482,19008,0,0,1,0,1,0,0,0,0,0,0
2013,4,99280,30928,0,0,0,1,0,0,1,0,1,0,0
2008,4,189787,25684,1,0,0,0,1,0,0,0,1,0,0
2001,1,38665,20240,0,0,1,0,0,0,0,1,0,0,0
2004,2,15957,20813,1,0,0,0,0,0,0,1,1,0,0
2007,2,179199,16963,0,1,0,0,0,0,1,0,0,0,1
2015,2,194661,26432,0,1,0,0,0,1,0,0,0,1,1
2021,1,46008,28815,0,0,0,0,0,0,1,0,1,0,0
2015,3,61920,34546,0,1,0,0,0,0,0,1,0,1,1
2012,1,163947,17790,1,0,0,0,0,0,0,0,1,0,0
2019,2,113828,27146,0,1,0,0,0,0,0,0,1,0,1
2014,3,123852,27965,0,0,1,0,1,0,0,0,0,1,0
2000,1,132698,17083,0,1,0,0,1,0,0,0,1,0,0
2021,4,90815,35063,0,0,0,0,0,0,0,0,1,0,0
2002,3,194894,18065,0,1,0,0,0,0,0,1,0,1,0
2005,2,164714,20533,1,0,0,0,1,0,0,0,1,0,1
2021,2,38311,34307,1,0,0,0,0,0,1,0,0,0,1
2013,1,32356,29780,0,1,0,0,0,0,1,0,1,0,1
2003,3,3809,26262,1,0,0,0,0,0,0,1,1,0,0
2017,1,174443,23845,1,0,0,0,1,0,0,0,1,0,1
2014,3,34875,30013,0,0,0,0,0,0,1,0,0,1,1
2008,3,9465,30012,0,0,1,0,1,0,0,0,0,0,0
2017,1,197167,20886,0,0,0,0,1,0,0,0,0,0,0
2002,4,73844,22311,0,0,0,1,0,0,1,0,1,0,0
2009,1,196322,12412,0,0,0,0,0,0,0,0,0,1,1
2016,4,86889,33502,0,1,0,0,0,0,1,0,0,1,1
2006,1,15250,22633,0,0,1,0,0,0,0,1,0,0,0
2014,3,46023,29759,0,1,0,0,0,1,0,0,0,1,1
2000,1,101350,16271,0,0,0,1,0,0,1,0,1,0,0
2010,3,177696,22401,0,0,1,0,1,0,0,0,1,0,1
2016,2,16427,30766,1,0,0,0,1,0,0,0,0,1,0
2004,1,164348,18340,0,0,0,0,0,0,1,0,1,0,1
2006,3,71643,23236,0,1,0,0,0,1,0,0,0,0,1
2018,2,134511,29503,0,0,0,1,0,0,1,0,1,0,1
2014,3,78672,30944,1,0,0,0,0,1,0,0,0,1,0
2002,4,17300,26386,0,0,0,0,0,1,0,0,0,0,0
2014,2,60289,28425,1,0,0,0,0,0,0,1,1,0,0
2004,2,148254,18625,0,0,0,0,1,0,0,0,0,0,1
2011,1,181984,19284,0,0,1,0,1,0,0,0,0,1,0
2019,3,157981,28481,1,0,0,0,0,1,0,0,1,0,1
2004,2,19659,25190,1,0,0,0,1,0,0,0,1,0,0
2002,2,162475,14567,1,0,0,0,0,0,0,0,0,0,0
2008,1,164658,19248,0,0,1,0,0,1,0,0,1,0,1
2008,2,10360,27008,0,0,0,1,1,0,0,0,1,0,1
2006,4,21424,24150,0,0,0,0,0,0,0,0,1,0,0
2001,2,98035,19378,1,0,0,0,0,0,0,1,1,0,0
2020,3,48791,31292,0,0,1,0,1,0,0,0,0,1,1
2015,3,134137,26276,0,0,0,1,0,0,0,0,1,0,1
2008,3,199867,20218,0,0,0,0,0,0,1,0,0,0,0
2012,2,12300,25677,0,0,1,0,0,0,1,0,0,1,1
2018,3,33370,32809,0,0,0,0,0,0,0,0,0,0,0
2019,4,27209,34506,1,0,0,0,0,1,0,0,0,0,0
2016,1,20927,26399,0,0,0,1,0,1,0,0,0,0,0
2005,2,34579,24863,0,0,1,0,1,0,0,0,0,1,1
2003,1,9032,20268,0,0,0,1,0,0,1,0,0,1,0
2000,2,93254,19288,1,0,0,0,0,1,0,0,0,1,0
2017,2,78413,29520,0,0,0,1,0,1,0,0,1,0,1
2018,3,171803,27220,0,0,0,1,0,0,1,0,0,0,1
2008,1,113528,21501,0,1,0,0,0,0,0,1,0,1,1
2012,2,184839,23688,0,0,0,1,0,1,0,0,0,0,0
2007,3,123916,22141,0,0,0,0,0,0,0,0,0,1,1
2012,2,72302,28975,0,0,1,0,1,0,0,0,0,1,1
2014,3,181026,23978,0,1,0,0,0,1,0,0,0,1,0
2010,2,85757,22913,0,0,1,0,0,1,0,0,0,0,0
2011,4,156174,24505,0,0,1,0,0,0,0,1,1,0,0
2013,2,165505,23158,1,0,0,0,0,0,0,0,0,1,0
2003,3,15932,27873,1,0,0,0,1,0,0,0,0,1,1
2000,3,25714,25517,0,1,0,0,0,1,0,0,0,1,0
2003,2,57803,20262,1,0,0,0,1,0,0,0,1,0,1
2018,1,170815,24947,1,0,0,0,0,0,1,0,0,0,0
2008,3,133624,20449,1,0,0,0,0,1,0,0,0,0,0
2009,2,56627,24734,0,0,1,0,0,1,0,0,0,0,1
2003,4,177059,21632,0,1,0,0,0,0,1,0,0,0,1
2019,4,79810,36842,0,0,1,0,0,0,0,1,0,1,1
2008,2,45380,26492,0,0,0,0,0,1,0,0,1,0,0
2012,2,160322,22483,0,0,1,0,1,0,0,0,0,1,0
2011,2,199416,18747,0,0,0,0,0,0,0,0,1,0,1
2010,2,64686,26061,0,0,0,1,1,0,0,0,0,0,1
2011,3,120321,26142,0,0,0,1,0,0,0,1,1,0,0
2017,3,45028,31139,0,0,0,0,0,0,0,0,0,1,1
2011,2,146367,21963,0,0,0,0,1,0,0,0,0,1,1
2015,1,113141,21508,0,0,1,0,1,0,0,0,0,0,0
2004,2,55248,22464,0,0,0,0,0,0,1,0,0,1,1
2019,2,10523,32297,0,1,0,0,0,0,0,1,0,1,0
2011,3,45530,33092,0,0,0,1,0,0,1,0,1,0,0
2020,1,13769,29716,0,0,0,1,0,0,0,0,0,1,0
2010,3,194114,21532,0,0,0,0,0,0,1,0,0,0,1
2008,3,112035,26516,1,0,0,0,0,0,0,1,0,0,1
2017,3,175717,29524,1,0,0,0,0,1,0,0,0,1,1
2002,2,193214,16288,0,0,0,0,0,1,0,0,0,0,1
2019,3,156629,26961,0,1,0,0,0,0,0,0,1,0,0
2016,3,79782,28264,1,0,0,0,0,1,0,0,1,0,0
2013,3,78382,25294,0,0,0,0,0,0,1,0,0,1,1
2000,2,168157,13936,0,1,0,0,0,0,0,0,0,1,1
2016,2,181780,23514,0,1,0,0,0,0,0,1,1,0,1
2007,3,182429,19616,0,0,1,0,0,0,0,0,0,0,1
2004,1,110939,19499,0,1,0,0,0,0,0,0,0,1,0
2004,2,144542,18382,1,0,0,0,1,0,0,0,0,1,1
2008,4,78712,26412,1,0,0,0,1,0,0,0,0,0,0
2002,1,118643,16950,0,0,0,0,0,0,0,0,0,1,1
2018,2,107417,31839,0,0,0,0,0,1,0,0,0,0,1
2008,2,137877,19671,0,1,0,0,1,0,0,0,0,0,1
2021,3,128256,29764,0,0,0,1,0,0,0,1,0,0,0
2017,1,193100,22338,0,0,1,0,0,0,1,0,0,0,1
2015,3,181844,22664,0,0,0,1,1,0,0,0,0,0,0
2000,1,183176,14986,0,1,0,0,0,0,0,0,1,0,0
2001,1,101422,13870,0,1,0,0,0,1,0,0,0,0,1
2013,3,89300,27219,0,0,0,1,0,0,1,0,1,0,0
2013,2,6630,28746,0,0,1,0,1,0,0,0,0,0,0
2000,4,124474,21878,0,0,0,1,0,1,0,0,0,1,0
2015,1,98869,19813,0,0,0,0,0,1,0,0,1,0,1
2014,2,15701,33120,1,0,0,0,0,1,0,0,0,1,0
2014,1,145931,22331,0,0,0,0,0,0,0,0,0,0,0
2011,2,152255,23532,1,0,0,0,0,0,0,1,0,0,1
2015,4,171510,30150,0,1,0,0,0,1,0,0,0,1,1
2013,4,97285,27354,0,0,1,0,0,0,1,0,0,0,0
2014,1,117556,17533,0,0,0,1,1,0,0,0,0,1,0
2014,3,173316,25626,0,0,1,0,0,0,1,0,0,0,0
2018,3,15021,33276,0,0,0,1,0,0,0,0,0,0,0
2007,1,186637,14301,0,0,0,0,0,0,0,0,1,0,1
2001,1,179115,14696,0,0,0,0,0,0,1,0,0,1,1
2001,4,64361,29609,0,0,0,1,0,0,0,1,0,0,0
2009,4,132317,25466,0,0,1,0,0,0,0,0,0,1,1
2002,4,172083,22298,0,0,0,1,0,0,0,0,1,0,0
2016,3,10355,32107,0,1,0,0,0,0,1,0,0,1,1
2007,3,98841,20784,0,0,0,0,0,0,0,0,1,0,1
2003,2,179764,17739,0,1,0,0,0,0,0,1,0,1,0
2013,1,180076,20788,0,0,0,0,0,0,0,1,0,1,0
2020,1,160786,22629,0,0,0,0,0,0,0,1,1,0,0
2009,3,17198,32852,1,0,0,0,1,0,0,0,0,0,0
2000,3,66951,19523,0,1,0,0,0,0,0,1,0,0,1
2003,3,132724,19203,0,1,0,0,0,0,0,1,0,0,1
2000,4,174697,17579,1,0,0,0,1,0,0,0,0,1,0
2016,4,18740,33550,0,0,1,0,0,1,0,0,0,1,1
2016,4,3810,38740,0,1,0,0,0,0,0,0,0,0,1
2006,1,123743,19711,0,0,0,1,0,0,0,1,0,1,0
2019,3,147641,28132,1,0,0,0,0,0,0,0,0,1,0
2014,3,99855,24667,0,1,0,0,0,0,1,0,0,0,1
2012,1,26783,29634,0,0,1,0,0,0,0,0,1,0,0
2001,4,121701,19941,0,1,0,0,1,0,0,0,0,1,0
2018,4,78047,29748,0,0,0,0,0,0,0,0,0,1,1
2012,1,9471,26525,0,0,0,1,0,0,0,0,0,1,1
2010,1,110771,20987,1,0,0,0,0,0,0,0,0,1,0
2021,3,6163,34551,0,0,0,0,0,1,0,0,1,0,1
2014,3,194159,23906,0,0,1,0,0,1,0,0,0,0,0
2009,4,62071,28430,0,0,0,0,0,0,1,0,0,1,0
2008,1,16065,27902,0,0,0,0,1,0,0,0,0,0,1
2008,1,122323,20494,0,0,1,0,0,0,0,0,0,1,1
2019,1,117969,29984,0,0,0,0,0,0,0,0,1,0,0
2000,1,83456,16142,1,0,0,0,0,0,0,0,0,0,0
2016,1,179420,21916,0,1,0,0,0,0,0,0,1,0,0
2011,4,19154,28368,0,0,0,0,0,1,0,0,0,1,1
2009,2,105703,28398,1,0,0,0,0,0,1,0,1,0,0
2004,2,20229,26376,0,1,0,0,0,0,0,1,1,0,1
2017,1,52587,26478,0,1,0,0,1,0,0,0,0,1,0
2014,1,49713,26796,0,0,0,0,0,0,0,0,0,1,1
2005,3,158069,20702,1,0,0,0,0,0,1,0,0,0,0
2006,3,21101,31025,0,0,0,0,0,0,0,1,0,1,1
2016,3,40391,33977,0,0,1,0,0,0,1,0,0,0,0
2005,2,72723,22177,0,1,0,0,0,1,0,0,1,0,0
2007,2,190477,14698,0,0,0,0,0,0,0,1,1,0,0
2011,2,166020,23991,0,1,0,0,0,0,1,0,0,0,0
2020,2,100264,29863,1,0,0,0,0,1,0,0,0,1,1
2013,3,184103,25507,0,0,0,1,0,0,1,0,0,1,1
2011,2,37921,26436,0,0,0,0,0,0,1,0,1,0,1
2009,3,28460,28077,0,0,0,0,0,0,0,1,0,0,1
2021,1,152143,28263,0,1,0,0,0,1,0,0,1,0,1
2019,3,197190,28997,1,0,0,0,0,0,0,0,1,0,0
2014,4,179354,26712,0,0,1,0,1,0,0,0,0,1,1
2006,3,91725,25553,1,0,0,0,0,0,0,1,0,0,1
2008,3,58445,26549,0,0,0,0,0,1,0,0,1,0,1
2009,4,82208,25449,0,0,1,0,0,0,1,0,0,1,1
2009,3,185888,18646,1,0,0,0,0,1,0,0,1,0,0
2015,1,106283,27278,0,0,0,1,1,0,0,0,1,0,0
2006,2,85779,24258,0,1,0,0,1,0,0,0,0,1,0
2004,3,3060,29955,1,0,0,0,0,0,0,0,0,1,0
2002,3,125806,21601,1,0,0,0,0,0,0,0,0,0,1
2017,2,13731,33196,0,0,0,1,1,0,0,0,1,0,1
2010,2,77830,24392,0,0,0,0,0,0,0,1,0,0,0
2014,4,115871,30449,0,1,0,0,0,0,0,1,0,1,0
2020,1,20719,30354,1,0,0,0,0,0,1,0,0,1,1
2019,2,178114,22280,0,0,1,0,0,0,0,0,1,0,1
2004,1,49116,22673,1,0,0,0,0,0,1,0,0,0,0
2011,3,26325,33533,0,1,0,0,0,0,0,0,0,0,0
2003,1,153669,20364,1,0,0,0,1,0,0,0,1,0,0
2014,3,198511,23402,0,0,0,1,0,0,0,1,1,0,0
2008,1,14551,22576,1,0,0,0,0,0,0,1,0,0,1
2006,3,93287,23478,1,0,0,0,1,0,0,0,0,1,1
2009,4,24278,30014,0,0,1,0,0,0,1,0,0,1,1
2012,2,15141,29339,0,0,0,1,0,0,1,0,1,0,0
2007,2,67913,25646,0,0,0,1,0,1,0,0,0,0,1
2011,2,33615,28345,1,0,0,0,0,0,0,0,0,0,1
2021,2,122058,29151,0,0,1,0,0,0,1,0,0,0,0
2018,3,193823,26303,1,0,0,0,1,0,0,0,0,1,0
2000,2,112684,12915,1,0,0,0,0,0,1,0,0,1,0
2015,3,27452,32581,0,1,0,0,0,0,0,1,0,0,0
2021,1,153797,25383,0,1,0,0,0,0,0,0,0,0,0
2016,1,50391,29380,0,0,1,0,0,1,0,0,1,0,0
2017,2,120288,25162,0,0,0,0,0,0,0,0,1,0,1
2010,3,113535,24970,0,1,0,0,0,0,0,1,0,0,1
2017,2,142770,26673,0,0,0,0,0,0,0,1,0,0,1
2006,3,86711,24544,0,0,0,1,0,0,0,1,0,1,1
2017,1,77850,28359,0,1,0,0,0,0,0,1,0,0,1
2007,1,109733,19153,0,1,0,0,1,0,0,0,1,0,1
2005,3,2365,29095,0,0,1,0,0,1,0,0,0,1,0
2006,3,97662,19071,0,0,0,0,0,0,0,1,1,0,0
2021,1,43372,27443,0,1,0,0,0,0,0,1,1,0,0
2009,3,44134,25210,0,1,0,0,0,0,1,0,0,1,1
2010,2,37823,27141,0,0,1,0,0,1,0,0,1,0,1
2012,3,71158,31585,0,0,1,0,0,0,0,0,0,0,0
2008,4,96076,26159,0,0,0,0,0,1,0,0,1,0,0
2006,4,133021,25045,0,0,0,1,0,1,0,0,0,1,0
2008,3,49396,29226,0,0,0,1,0,1,0,0,0,1,0
2012,1,108336,23662,1,0,0,0,0,0,0,1,0,1,0
2002,3,31912,27152,0,1,0,0,0,0,0,1,1,0,1
2002,2,56947,23444,0,0,0,0,1,0,0,0,0,0,1
2000,1,44387,18896,0,1,0,0,0,0,0,0,0,1,1
2020,2,195037,25230,0,0,0,0,0,0,1,0,0,0,0
2019,4,16508,39167,0,0,0,0,0,1,0,0,0,1,1
2001,4,45592,26365,0,0,0,0,0,0,0,0,0,0,0
2002,1,109249,17773,0,1,0,0,0,0,0,0,0,0,1
2014,3,1919,31349,0,0,1,0,1,0,0,0,0,0,0
2005,3,42595,29802,0,1,0,0,0,0,1,0,0,1,0
2012,1,140689,18951,0,0,0,0,0,1,0,0,1,0,1
2020,2,33298,29322,1,0,0,0,0,0,1,0,1,0,1
2000,3,138001,19842,0,0,0,1,1,0,0,0,1,0,1
2019,2,14456,31015,0,0,0,0,0,0,0,1,0,0,1
2018,1,109599,27498,1,0,0,0,0,0,0,0,0,1,1
2000,3,86676,18298,0,0,1,0,0,1,0,0,0,0,0
2020,4,83721,35137,0,0,0,0,0,0,0,1,0,1,1
2021,3,37924,35845,1,0,0,0,1,0,0,0,0,0,1
2001,3,24240,25924,0,0,0,0,0,0,1,0,0,1,0
2014,2,87381,22031,0,1,0,0,0,0,0,0,0,1,1
2013,1,9228,24791,1,0,0,0,0,1,0,0,0,1,0
2018,3,21686,33795,0,1,0,0,0,0,0,1,0,0,1
2010,2,11920,27138,0,1,0,0,0,0,0,1,1,0,1
2014,4,7432,35083,1,0,0,0,0,0,0,0,0,0,0
2005,1,194647,14431,0,0,0,1,0,0,1,0,0,0,1
2019,2,110507,27664,1,0,0,0,1,0,0,0,0,1,1
2008,2,130509,16421,0,0,0,1,0,0,1,0,0,1,1
2004,4,71725,27658,0,0,0,0,0,0,1,0,1,0,1
2019,1,164982,21952,0,0,0,0,0,0,1,0,1,0,0
2001,1,121764,14615,1,0,0,0,0,0,0,0,0,1,0
2005,1,161298,14895,0,0,0,0,0,0,0,0,1,0,1
2017,3,59099,29264,0,0,1,0,1,0,0,0,1,0,1
2018,1,112557,28716,0,1,0,0,0,0,1,0,0,1,0
2008,1,86760,23852,0,1,0,0,0,0,0,0,0,0,0
2020,1,18013,32723,0,0,0,1,1,0,0,0,1,0,1
2005,3,21446,26994,0,0,0,0,1,0,0,0,0,1,0
2013,1,105209,19163,0,0,0,1,0,0,1,0,1,0,0
2012,2,193581,23925,0,1,0,0,0,1,0,0,1,0,0
2010,2,102261,23731,0,1,0,0,0,0,1,0,0,1,0
2011,2,95739,25786,0,0,0,0,0,1,0,0,1,0,1
2018,3,557,34453,0,0,1,0,1,0,0,0,1,0,0
2018,2,161738,21623,0,0,1,0,0,0,0,0,1,0,1
2020,4,168461,31460,0,0,0,0,0,0,0,1,0,0,1
2018,4,178772,25545,0,0,0,0,1,0,0,0,0,0,0
2012,2,130878,24149,0,0,0,1,0,0,0,0,1,0,1
2013,3,99143,29484,0,0,0,0,1,0,0,0,0,1,1
2017,3,24578,34139,0,0,1,0,0,0,1,0,1,0,0
2011,4,74779,29900,0,0,0,0,0,1,0,0,1,0,0
2003,2,140668,21358,0,0,0,1,1,0,0,0,0,0,0
2009,2,57500,24840,0,0,0,1,0,0,0,0,0,0,1
2016,2,72534,28702,0,0,0,1,0,0,1,0,0,0,1
2003,4,10129,27543,0,0,0,1,0,0,0,1,1,0,1
2011,1,194466,14697,1,0,0,0,0,0,1,0,1,0,1
2012,1,197118,19316,0,0,0,0,0,1,0,0,0,1,0
2003,2,11596,27022,0,1,0,0,0,0,1,0,1,0,1
2009,1,65355,26584,0,0,0,0,0,0,0,1,1,0,0
2002,3,12974,29066,1,0,0,0,0,0,0,0,0,0,0
2014,1,197745,15565,0,0,0,1,1,0,0,0,0,0,0
2001,2,112004,21357,1,0,0,0,0,1,0,0,0,0,0
2016,4,126794,29429,0,0,1,0,0,0,0,1,0,0,1
2005,2,70202,25991,0,0,1,0,0,1,0,0,0,0,0
2007,3,74442,25188,0,0,0,0,0,0,1,0,0,1,1
2002,1,152890,14093,0,0,0,0,0,1,0,0,0,1,0
2017,1,174318,20153,0,1,0,0,0,0,0,1,0,1,0
2021,3,55598,35872,0,1,0,0,1,0,0,0,0,0,0
2000,3,133726,20742,0,0,1,0,1,0,0,0,0,0,1
2015,2,33758,27378,0,0,0,1,0,1,0,0,0,0,0
2006,4,24204,25061,1,0,0,0,0,0,0,0,0,1,0
2002,4,127309,22865,0,1,0,0,0,1,0,0,0,0,0
2003,4,166000,22058,0,1,0,0,0,0,1,0,0,1,0
2008,2,184681,16792,0,0,0,1,1,0,0,0,0,0,1
2004,1,30552,20496,0,0,0,1,1,0,0,0,1,0,1
2018,3,141408,28641,0,0,0,0,1,0,0,0,0,1,0
2014,3,47037,34160,1,0,0,0,0,0,0,0,1,0,0
2007,1,147278,16946,0,0,0,1,0,0,0,0,0,1,1
2005,3,34831,25599,0,1,0,0,0,0,0,1,0,0,1
2017,1,43563,28119,0,1,0,0,0,1,0,0,0,0,1
2018,2,18361,33752,0,0,1,0,0,1,0,0,1,0,0
2014,2,41335,27604,0,0,0,1,0,0,1,0,0,0,1
2006,3,74469,29526,0,0,0,0,1,0,0,0,0,1,0
2009,2,25816,28212,1,0,0,0,0,0,0,0,0,0,1
2005,3,146691,21202,0,0,0,0,0,0,1,0,0,0,1
2013,3,92479,23891,0,1,0,0,0,0,1,0,0,1,0
2016,3,26819,35897,0,0,0,0,0,0,0,0,1,0,1
2008,4,142813,27243,0,1,0,0,0,1,0,0,1,0,0
2018,3,122330,28077,0,1,0,0,1,0,0,0,0,0,1
2004,4,8798,30061,0,1,0,0,0,1,0,0,0,1,0
2006,1,156215,16088,0,1,0,0,0,0,1,0,1,0,1
2018,2,49695,30956,0,1,0,0,1,0,0,0,1,0,1
2019,1,163819,21059,0,0,1,0,0,0,0,1,0,0,0
2006,1,129544,16987,0,0,0,0,0,0,1,0,0,1,0
2001,3,152254,21309,0,0,1,0,0,1,0,0,1,0,0
2015,1,9415,30104,0,0,1,0,0,1,0,0,0,0,0
2012,2,142157,22510,0,0,0,1,0,1,0,0,0,0,1
2007,3,146080,19697,0,0,0,1,0,0,0,0,0,0,1
2005,3,87638,25413,0,0,0,1,0,0,1,0,0,0,1
2005,2,18452,24546,1,0,0,0,1,0,0,0,1,0,1
2008,3,195147,20953,0,0,0,1,0,1,0,0,0,1,1
2003,1,139192,16397,0,0,0,0,0,1,0,0,0,0,1
2010,2,195457,15493,0,0,1,0,0,0,0,0,0,0,0
2004,3,110205,22273,0,0,0,0,1,0,0,0,1,0,1
2016,3,18170,33080,0,0,0,1,0,0,1,0,0,0,1
2019,2,16259,33207,1,0,0,0,0,0,0,1,0,0,0
2006,4,22099,29411,1,0,0,0,0,0,0,0,0,1,1
2014,2,140721,28235,0,0,1,0,0,0,1,0,0,0,1
2014,2,129394,26653,0,0,0,0,0,0,0,1,1,0,1
2013,1,59258,24814,0,1,0,0,0,1,0,0,0,1,0
2012,2,172109,22455,0,0,0,0,0,1,0,0,1,0,0
2010,3,11805,33936,0,0,0,1,1,0,0,0,0,1,1
2012,1,43147,27368,0,1,0,0,0,0,0,1,0,1,0
2021,2,74280,27527,1,0,0,0,0,1,0,0,0,0,1
2008,3,177125,23441,0,0,1,0,0,1,0,0,0,0,1
2009,2,106777,25246,0,0,1,0,1,0,0,0,0,0,1
2003,1,97841,22443,1,0,0,0,0,0,1,0,1,0,0
2016,3,124726,26760,0,0,0,1,0,1,0,0,0,0,1
2013,1,128359,21533,1,0,0,0,0,0,0,0,0,0,1
2017,4,76215,30005,0,0,0,1,0,0,0,0,0,1,1
2010,1,112909,21770,0,1,0,0,0,0,1,0,0,0,1
2015,3,95365,30197,1,0,0,0,0,0,0,1,0,0,1
2000,2,10985,22824,0,0,0,1,1,0,0,0,0,0,0
2006,4,12391,29096,0,1,0,0,0,0,0,0,0,0,1
2009,1,4861,21949,1,0,0,0,0,0,0,0,0,1,0
2008,3,194654,23086,0,0,1,0,0,0,1,0,0,0,1
2002,3,183000,13720,1,0,0,0,0,0,0,1,0,1,0
2021,2,34364,33931,0,0,0,0,0,0,0,1,1,0,1
2013,2,82399,27256,1,0,0,0,0,0,1,0,0,0,1
2014,3,42923,30945,0,0,0,0,0,0,0,0,0,0,0
2001,4,138991,21288,0,1,0,0,1,0,0,0,0,0,0
2013,1,186968,16728,1,0,0,0,0,0,0,0,0,1,1
2015,1,85818,23752,0,1,0,0,0,0,0,1,0,0,0
2006,3,178468,22614,0,1,0,0,0,0,0,0,0,0,0
2003,1,165912,17534,0,0,0,1,1,0,0,0,1,0,1
2017,4,173327,26991,0,1,0,0,0,1,0,0,0,1,1
2004,3,71160,20721,0,1,0,0,0,0,0,0,0,1,1
2005,3,128165,20134,1,0,0,0,0,0,1,0,1,0,1
2006,1,139248,22142,1,0,0,0,0,1,0,0,0,1,1
2014,1,33529,26485,0,0,1,0,0,0,1,0,0,0,0
2000,3,187478,16031,0,0,0,1,0,0,1,0,0,0,1
2003,4,144013,24531,0,1,0,0,0,0,1,0,1,0,0
2000,4,1669,26662,0,0,0,1,0,0,0,0,0,1,1
2010,1,117373,21200,0,0,0,0,0,0,0,1,0,1,1
2017,1,44859,29846,0,1,0,0,0,1,0,0,0,1,0
2013,1,55786,28534,0,0,0,1,1,0,0,0,1,0,1
2021,4,182155,27101,0,0,1,0,0,0,0,1,0,0,0
2010,2,171148,22226,0,0,1,0,0,0,0,0,1,0,0
2009,1,20323,23920,0,1,0,0,0,0,1,0,0,0,0
2016,1,6021,28527,0,0,0,0,1,0,0,0,1,0,1
2003,2,39807,23408,0,0,1,0,0,1,0,0,0,0,1
2014,4,128305,26269,0,0,1,0,0,0,0,1,0,1,1
2015,2,50355,30526,0,0,0,0,0,0,0,1,0,1,1
2020,1,113415,33028,0,0,0,1,1,0,0,0,0,1,1
2012,2,175804,22821,0,0,1,0,0,0,0,0,1,0,1
2008,2,8711,26754,1,0,0,0,0,1,0,0,1,0,0
2010,1,194151,18596,0,0,1,0,1,0,0,0,1,0,1
2010,1,7904,24741,0,0,0,1,0,0,1,0,0,1,1
2005,3,64033,23571,0,0,0,1,0,1,0,0,0,0,1
2000,1,86478,17321,0,1,0,0,0,0,0,1,0,1,1
2021,1,120035,27273,1,0,0,0,1,0,0,0,0,1,0
2005,2,186168,14004,0,0,0,1,0,0,0,1,0,0,0
2012,3,3093,31632,0,0,0,0,0,0,0,1,0,0,0
2021,3,24918,33964,1,0,0,0,0,0,0,1,0,0,0
2021,3,193708,29698,1,0,0,0,0,0,0,0,0,0,0
2004,3,189878,14919,0,0,0,0,0,0,0,1,0,1,1
2014,3,140466,23004,0,0,1,0,0,0,1,0,1,0,0
2017,1,124501,23626,0,0,0,0,0,0,1,0,0,1,0
2019,4,92510,34776,0,0,0,0,0,1,0,0,0,0,1
2013,1,93708,24717,0,0,1,0,0,0,0,1,1,0,1
2014,2,97819,26514,0,0,1,0,0,0,0,1,1,0,0
2004,3,144352,20605,0,0,1,0,1,0,0,0,0,1,1
2003,2,36303,25037,0,0,1,0,0,0,0,0,0,1,1
2001,4,27453,28381,0,0,1,0,0,1,0,0,0,1,0
2006,2,108886,21241,0,0,0,0,0,0,0,1,1,0,1
2009,4,60695,26768,0,1,0,0,1,0,0,0,1,0,0
2015,3,199521,22239,0,1,0,0,0,0,0,0,1,0,0
2009,4,156837,26215,0,0,0,1,0,1,0,0,0,0,1
2017,4,133412,26140,0,1,0,0,0,1,0,0,0,0,0
2016,4,38057,36651,0,1,0,0,0,0,0,1,0,1,0
2020,3,131669,28704,0,0,0,0,0,1,0,0,1,0,1
2012,2,189060,20766,0,0,1,0,1,0,0,0,0,1,1
2000,1,94655,18470,0,0,1,0,0,1,0,0,1,0,1
2000,3,15025,23681,0,0,0,0,0,0,1,0,0,1,1
2014,4,7145,33522,0,1,0,0,1,0,0,0,0,0,0
2000,3,101206,21203,0,0,0,0,0,0,0,0,1,0,1
2005,4,186869,19049,0,0,0,1,0,0,0,0,0,0,1
2012,3,41723,28378,0,0,1,0,0,0,0,1,1,0,0
2000,1,73230,16582,1,0,0,0,0,0,0,1,0,1,0
2004,1,135902,20423,0,0,0,1,0,0,1,0,1,0,0
2008,2,155002,20445,0,0,0,1,0,0,0,0,0,0,0
2016,1,154824,20872,0,0,0,0,0,0,0,0,1,0,1
2015,3,108138,28838,0,1,0,0,0,0,0,0,0,1,1
2007,4,62040,26722,0,0,1,0,0,0,0,0,1,0,0
2016,3,108668,25065,1,0,0,0,0,1,0,0,0,0,0
2014,2,198768,22455,0,0,0,1,1,0,0,0,0,1,0
2000,1,195720,14506,1,0,0,0,1,0,0,0,0,0,0
2011,2,55030,27064,0,1,0,0,0,0,1,0,1,0,1
2004,2,56815,19984,0,1,0,0,0,1,0,0,0,0,0
2005,2,112789,20013,1,0,0,0,0,0,0,0,1,0,1
2000,1,166762,12912,0,0,1,0,0,0,0,0,0,1,0
2000,2,57923,21860,0,1,0,0,0,0,0,1,0,0,1
2009,1,167644,17223,1,0,0,0,0,0,0,1,0,0,1
2009,4,185102,21977,0,0,0,1,0,0,1,0,1,0,1
2002,1,67904,16564,1,0,0,0,0,0,0,0,0,0,1
2016,1,160275,21829,1,0,0,0,0,0,1,0,0,0,0
2018,1,77088,23379,0,0,0,0,0,1,0,0,0,1,1
2010,2,5608,28794,0,1,0,0,1,0,0,0,1,0,0
2017,3,45667,30315,0,0,1,0,0,0,0,0,1,0,1
2001,3,55547,17639,0,0,1,0,0,1,0,0,0,1,1
2008,2,153557,22109,0,0,0,0,0,0,0,0,0,1,0
2016,3,140934,27741,0,0,1,0,0,0,0,1,1,0,0
2013,2,128391,26386,1,0,0,0,0,0,1,0,0,1,1
2003,3,75948,19122,0,0,0,0,0,0,0,1,0,1,1
2016,1,71880,24296,0,0,0,1,1,0,0,0,0,1,0
2016,2,57560,29185,0,1,0,0,0,0,0,1,1,0,1
2011,3,115063,27490,0,1,0,0,0,0,0,0,0,1,0
2019,3,94218,28463,0,1,0,0,0,0,0,1,0,0,0
2017,3,114462,29639,1,0,0,0,0,0,0,0,0,0,0
2002,1,159487,14282,0,0,0,1,1,0,0,0,1,0,1
2010,1,195595,14310,0,0,0,0,0,0,0,1,0,1,1
2017,4,150395,27478,0,0,0,0,0,0,1,0,0,0,0
2003,1,184286,15114,0,1,0,0,0,0,1,0,1,0,0
2016,1,17997,25673,0,0,0,1,0,0,1,0,0,0,0
2017,1,121266,25710,0,0,0,1,0,0,0,1,0,1,0
2004,2,188075,16363,0,0,0,1,0,0,0,1,1,0,1
2013,1,3679,28208,0,0,1,0,0,0,0,1,0,0,0
2009,2,40308,23614,0,0,1,0,0,0,0,0,1,0,1
2014,2,170914,19744,0,1,0,0,1,0,0,0,0,0,0
2000,4,196480,16779,0,0,0,1,0,0,1,0,0,0,1
2015,1,185010,17199,0,0,0,1,0,0,0,0,0,1,1
2010,2,5695,27247,0,0,0,0,0,0,1,0,0,1,1
2019,3,58499,33587,0,0,0,0,0,0,0,0,0,0,1
2005,3,23382,25984,0,1,0,0,0,0,0,1,1,0,1
2021,2,14235,33587,0,0,0,1,0,0,1,0,1,0,0
2015,3,193295,24035,0,1,0,0,0,0,0,1,0,1,0
2001,1,133438,17254,0,0,0,0,0,0,1,0,0,0,1
2000,3,158539,21459,0,0,0,0,0,1,0,0,0,1,0
2008,2,190388,19724,0,0,1,0,0,0,0,0,0,0,0
2021,1,112468,27149,0,1,0,0,0,1,0,0,0,0,0
2011,4,6764,32820,0,1,0,0,0,0,0,0,0,1,0
2016,3,113831,30764,0,0,0,1,1,0,0,0,1,0,0
2014,1,61836,27060,0,0,0,1,0,0,1,0,0,1,0
2018,1,31923,31648,0,0,1,0,1,0,0,0,0,0,0
2021,1,95711,26876,1,0,0,0,1,0,0,0,0,1,1
2009,3,16292,26214,1,0,0,0,0,0,0,0,1,0,0
2011,1,124913,20116,1,0,0,0,0,1,0,0,1,0,0
2013,1,132686,21340,0,1,0,0,0,0,0,1,0,0,0
2008,1,20939,27362,0,1,0,0,0,0,0,0,0,1,1
2012,3,18800,32532,0,0,0,0,0,0,0,1,1,0,1
2002,3,56440,23503,0,1,0,0,1,0,0,0,0,1,0
2020,3,154318,30500,0,1,0,0,0,0,0,1,1,0,1
2013,1,127521,21664,0,1,0,0,0,1,0,0,0,0,1
2020,4,183877,31475,0,0,1,0,0,0,0,0,0,0,0
2009,3,121327,23566,0,1,0,0,0,1,0,0,0,1,1
2015,4,49648,29139,0,0,0,1,0,1,0,0,0,0,0
2006,2,115192,21066,0,0,0,1,0,0,0,0,1,0,1
2003,2,187923,15437,0,0,0,0,0,1,0,0,0,0,0
2019,3,162760,25075,0,0,1,0,0,0,1,0,1,0,1
2010,1,93498,23096,0,0,0,1,0,0,1,0,1,0,0
2015,2,29764,33461,0,0,1,0,0,0,1,0,0,0,0
2019,3,32470,32431,0,0,1,0,0,0,0,1,1,0,1
2003,3,169573,21766,0,0,0,0,0,1,0,0,1,0,0
2021,4,57207,34026,0,0,1,0,0,0,0,0,0,1,0
2021,3,62157,33142,0,1,0,0,0,0,0,0,0,1,1
2016,1,134288,23426,0,0,1,0,0,0,0,1,0,1,0
2012,1,153144,19493,0,0,0,0,0,0,0,0,0,0,0
2010,2,93778,25657,0,0,0,0,0,0,1,0,0,1,1
2002,2,130016,17050,0,0,0,0,0,1,0,0,1,0,0
2008,1,124288,22972,0,0,0,1,0,0,0,0,0,0,1
2005,1,168204,16896,0,1,0,0,0,0,0,0,0,0,0
2021,3,110573,31842,0,0,0,1,1,0,0,0,0,0,1
2020,3,120730,28803,1,0,0,0,1,0,0,0,0,0,1
2010,4,148933,23323,0,1,0,0,1,0,0,0,1,0,0
2015,3,64186,33056,0,0,1,0,0,1,0,0,1,0,1
2018,3,4960,33036,0,0,0,0,0,0,1,0,0,1,0
2004,3,18781,26759,1,0,0,0,0,0,1,0,0,0,0
2013,4,31126,34981,0,1,0,0,0,0,1,0,0,1,1
2016,3,153650,25463,0,0,0,1,0,1,0,0,1,0,0
2002,4,106034,25038,0,0,0,0,0,1,0,0,0,0,0
2003,4,17883,27662,0,0,0,1,1,0,0,0,1,0,1
2015,4,29782,31056,0,1,0,0,0,0,0,0,0,1,0
2015,2,56387,29028,0,1,0,0,0,0,0,1,1,0,0
2020,1,148051,24594,1,0,0,0,0,0,0,1,0,0,1
2003,1,33746,27388,0,0,1,0,0,0,0,0,0,0,0
2018,1,66266,25196,0,0,0,1,1,0,0,0,0,1,0
2016,1,56,29293,1,0,0,0,0,0,0,0,0,0,1
2012,1,31457,25165,0,0,0,0,0,0,0,0,1,0,0
2021,2,133315,26949,0,0,1,0,0,0,0,1,1,0,0
2000,2,186103,15129,1,0,0,0,1,0,0,0,1,0,1
2011,3,132773,23116,0,0,0,1,0,1,0,0,1,0,0
2003,1,187453,15463,0,1,0,0,0,0,0,1,0,1,0
2010,3,181510,21296,0,0,0,0,0,1,0,0,1,0,1
2004,3,73839,26999,0,0,0,1,1,0,0,0,0,1,1
2001,3,80636,20171,0,0,1,0,0,0,0,0,1,0,0
2016,4,107697,33737,0,0,1,0,0,0,1,0,0,1,0
2007,1,66483,22527,0,1,0,0,0,0,1,0,1,0,1
2005,1,20505,26217,0,1,0,0,1,0,0,0,1,0,0
2020,2,137625,27349,0,0,0,0,0,0,1,0,0,1,0
2008,1,33525,22562,0,0,0,0,0,1,0,0,0,0,0
2012,3,96008,25672,0,1,0,0,0,0,1,0,0,0,1
2010,2,44348,23809,0,1,0,0,1,0,0,0,0,0,0
2015,2,7273,29913,0,0,1,0,1,0,0,0,0,1,0
2015,1,64236,26832,0,1,0,0,0,1,0,0,0,0,1
2001,2,134607,17261,1,0,0,0,0,0,1,0,0,0,1
2009,3,149749,24872,0,0,0,1,0,0,1,0,0,1,1
2011,3,107157,24843,0,1,0,0,0,0,0,0,0,0,0
2007,1,908,21866,0,0,0,0,0,0,0,1,0,0,0
2010,1,108352,28470,1,0,0,0,1,0,0,0,0,0,1
2009,1,95967,19520,0,0,0,0,0,0,0,0,0,1,0
2012,1,88989,24488,1,0,0,0,1,0,0,0,0,1,0
2016,4,35079,30437,0,1,0,0,0,0,0,0,0,0,0
2006,1,111889,19295,0,0,0,1,0,0,0,1,0,0,0
2002,3,49323,23144,0,0,0,0,0,0,0,0,0,1,1
2019,4,176392,22235,1,0,0,0,1,0,0,0,0,0,1
2012,1,89909,22538,0,0,1,0,0,0,1,0,0,1,0
2018,2,46105,30594,0,1,0,0,1,0,0,0,0,0,1
2006,4,161236,22300,0,0,0,1,0,1,0,0,0,1,0
2008,3,132957,24638,0,1,0,0,0,1,0,0,1,0,0
2018,2,188891,23416,0,0,1,0,0,1,0,0,1,0,1
2012,3,1049,32485,0,0,0,1,0,1,0,0,0,1,1
2021,3,53281,34976,0,0,1,0,0,0,0,1,1,0,0
2007,2,43271,24666,0,1,0,0,0,0,1,0,0,0,0
2021,4,66697,34023,1,0,0,0,0,0,1,0,0,1,0
2017,2,197423,21041,0,1,0,0,1,0,0,0,0,1,0
2001,2,36534,24462,0,1,0,0,0,0,0,0,0,0,1
2017,4,93034,31282,0,1,0,0,1,0,0,0,0,0,1
2017,4,58097,31867,0,0,0,0,1,0,0,0,0,1,0
2010,2,184885,20380,0,0,1,0,1,0,0,0,0,0,0
2000,1,25037,20172,0,0,1,0,1,0,0,0,0,1,1
2013,3,167079,22149,0,0,1,0,0,0,1,0,0,0,0
2015,3,27278,34637,0,0,0,0,0,0,0,0,0,1,1
2010,3,139344,21254,1,0,0,0,1,0,0,0,0,0,0
2000,4,188255,16324,0,1,0,0,0,0,1,0,0,0,1
2006,4,99173,26378,1,0,0,0,1,0,0,0,1,0,0
2015,2,38294,33287,0,0,0,0,0,1,0,0,1,0,0
2013,1,73277,23081,0,0,1,0,1,0,0,0,1,0,0
2014,2,193581,22546,0,1,0,0,1,0,0,0,0,0,1
2013,3,4694,29680,0,0,0,1,0,0,0,1,0,1,1
2020,3,58150,30434,0,0,0,1,0,1,0,0,0,0,0
2010,2,67470,28690,1,0,0,0,0,0,0,0,1,0,0
2015,2,21556,31353,0,0,1,0,1,0,0,0,0,0,0
2018,2,195543,24549,0,0,0,1,0,0,0,0,1,0,0
2016,2,180927,24126,1,0,0,0,0,1,0,0,1,0,1
2005,2,49086,20466,0,0,0,0,1,0,0,0,0,1,1
2010,1,149979,17309,1,0,0,0,0,0,0,1,0,1,1
2016,2,179559,22971,1,0,0,0,0,0,1,0,1,0,0
2008,2,160230,15794,1,0,0,0,0,0,0,1,1,0,0
2017,3,151365,24023,0,1,0,0,0,0,0,1,0,0,1
2016,1,176833,23412,1,0,0,0,0,0,1,0,1,0,0
2011,3,99468,26243,1,0,0,0,0,0,1,0,0,0,1
2021,3,33387,35251,0,1,0,0,0,0,1,0,1,0,1
2021,3,171822,27452,0,1,0,0,1,0,0,0,0,1,1
2004,3,68602,23210,0,0,0,0,0,0,0,0,0,1,1
2010,2,152328,17055,0,0,1,0,0,0,0,0,1,0,0
2003,2,136666,19333,0,0,0,1,0,0,1,0,0,0,1
2003,4,2460,31886,0,0,0,1,0,0,0,1,0,0,0
2002,3,72356,22479,1,0,0,0,0,1,0,0,0,0,1
2016,4,54698,33202,0,0,0,0,0,0,1,0,1,0,1
2006,3,101746,21073,1,0,0,0,0,0,0,1,1,0,1
2003,1,16191,21546,0,0,0,1,0,0,0,1,0,1,1
2012,1,84631,23850,0,1,0,0,1,0,0,0,0,1,0
2011,3,10529,31460,0,0,1,0,1,0,0,0,1,0,0
2000,2,32175,23103,0,0,0,0,0,0,0,0,0,1,0
2020,2,17675,28053,0,1,0,0,0,0,0,0,0,0,0
2018,3,174230,25974,0,0,1,0,0,1,0,0,0,0,1
2020,2,46798,29325,0,0,0,0,0,1,0,0,1,0,0
2019,2,70910,28536,0,0,0,0,0,1,0,0,0,0,0
2017,4,130400,28757,0,0,0,1,0,1,0,0,1,0,1
2010,4,157048,26280,0,1,0,0,0,0,0,1,0,0,0
2019,2,194188,23781,0,0,0,0,0,0,0,1,1,0,0
2002,3,78678,26701,0,0,0,0,0,0,0,0,0,0,0
2016,4,62821,30459,0,0,1,0,1,0,0,0,0,0,0
2011,2,12204,26055,0,0,0,1,1,0,0,0,0,1,1
2009,1,186737,19473,1,0,0,0,0,0,1,0,0,1,1
2007,1,7394,24997,0,0,0,1,0,0,0,1,0,1,0
2014,2,64814,26872,1,0,0,0,0,1,0,0,0,1,1
2004,2,33593,24595,0,1,0,0,0,1,0,0,0,1,0
2003,4,173036,22518,0,1,0,0,0,0,1,0,0,1,0
2020,3,115064,30885,0,0,0,0,1,0,0,0,1,0,0
2019,3,53365,31773,0,1,0,0,0,1,0,0,1,0,1
2018,4,131515,29141,0,0,0,0,1,0,0,0,0,1,1
2020,4,159252,29818,0,0,0,1,0,0,1,0,1,0,1
2003,2,179863,16104,0,1,0,0,1,0,0,0,0,1,1
2014,1,174737,22887,0,0,0,1,1,0,0,0,1,0,1
2016,3,103700,28463,0,0,0,1,1,0,0,0,0,0,1
2011,2,97077,22318,0,1,0,0,0,1,0,0,1,0,0
2002,2,134537,23827,0,0,0,1,0,0,0,0,1,0,1
2009,3,68247,26836,0,1,0,0,0,0,0,1,1,0,0
2014,4,182631,26936,0,1,0,0,1,0,0,0,0,0,0
2009,2,156270,21730,0,1,0,0,1,0,0,0,0,1,1
2017,3,54740,32536,1,0,0,0,1,0,0,0,1,0,0
2000,1,153560,14666,0,0,0,1,0,0,0,0,1,0,0
2002,3,169587,12713,0,0,1,0,0,0,1,0,0,0,0
2020,1,27898,27478,0,1,0,0,0,1,0,0,0,1,1
2011,4,132991,26708,0,0,0,1,0,0,0,0,1,0,1
2000,1,181142,6704,0,0,0,0,1,0,0,0,0,0,0
2002,3,62613,24012,0,1,0,0,0,0,0,0,0,1,1
2002,1,96707,18887,0,1,0,0,0,0,0,0,0,1,0
2004,1,111777,20877,0,0,1,0,0,0,0,0,1,0,1
2018,2,47003,32246,1,0,0,0,0,0,1,0,1,0,0
2000,2,48478,23492,1,0,0,0,0,0,0,1,1,0,0
2003,1,145506,19835,0,1,0,0,0,1,0,0,1,0,1
2003,2,177318,18226,0,0,0,1,0,0,1,0,0,0,1
2016,3,167721,26007,0,0,0,0,0,0,1,0,0,0,1
2013,3,59030,28879,0,0,0,0,0,0,0,1,1,0,1
2017,1,184133,21122,0,0,0,1,0,0,1,0,0,1,1
2000,3,133071,18995,0,1,0,0,0,0,0,0,1,0,0
2021,1,145921,26839,0,0,0,0,0,0,0,0,0,1,0
2015,2,52800,30804,1,0,0,0,1,0,0,0,0,1,0
2002,1,5445,22765,0,0,0,1,0,0,1,0,0,1,1
2020,3,149112,30392,0,0,1,0,1,0,0,0,0,0,1
2008,1,195387,16446,0,1,0,0,0,1,0,0,0,1,0
2003,4,246,27396,0,0,0,1,0,0,0,0,0,1,0
2020,2,31153,31620,0,0,0,0,0,1,0,0,0,0,0
